season,round,event_id,race_id,race_name,track_id,track_name,track_primary_family,track_cluster_id,race_date,driver_id,driver_name,car_number,owner_id,owner_name,manufacturer_id,manufacturer,predicted_qualifying_position,predicted_qualifying_rank,predicted_qualifying_speed_deficit_pct,actual_qualifying_position,actual_qualifying_speed,actual_start_position,qualifying_override_applied,qualifying_input_source,qualifying_input_as_of,qualifying_input_notes,predicted_finish_score,predicted_finish_position,predicted_finish_rank,win_probability,top3_probability,win_probability_rank,top3_probability_rank,predicted_points,predicted_points_rank,qualifying_route,finish_route,probability_route,points_route,market_win_odds_decimal,market_top3_odds_decimal,market_win_implied_probability,market_top3_implied_probability,market_source,market_as_of,chatter_momentum_score,chatter_track_fit_score,chatter_context_score,chatter_source_confidence,chatter_composite_score,chatter_signal_count,chatter_verified_pre_green,forecast_generated_at,forecast_status,composite_chatter_score,points_nudge,finish_position_nudge,eligibility_status,safe_for_production_overlay,last_coded,race_source_url,dk_id,salary,dk_avg_points_per_game,dk_starting_position,game_info,chatter_overlay_eligible,chatter_overlay_applied,chatter_score_applied,chatter_additive,chatter_multiplicative,predicted_qualifying_position_adjusted,predicted_finish_position_adjusted,predicted_points_adjusted,win_probability_unscaled,top3_probability_unscaled,win_probability_adjusted,top3_probability_adjusted,predicted_qualifying_rank_adjusted,predicted_finish_rank_adjusted,predicted_points_rank_adjusted,win_probability_rank_adjusted,top3_probability_rank_adjusted,draftkings_match_status
2026,21,cup_2026_r21,5618,Window World 450,north_wilkesboro_speedway,North Wilkesboro Speedway,short_track,cluster_6,2026-07-19,ryan_blaney,Ryan Blaney,12,team_penske,Team Penske,ford,Ford,9.31289655619313,2,0.9395774891231572,,,,FALSE,,,,0.6199653882856502,4.024015270630225,1,0.22547562346139394,0.3213224274215406,1,1,37.30453719575938,1,conventional_speedway,short_steep_oval,short_steep_oval,short_steep_oval,,,,,,,1,1,1,0.97375,1,2,TRUE,2026-07-18T17:16:24Z,pre_entry_list_inferred_roster,1,4,-1.5,verified_pre_race,TRUE,2026-07-16,https://www.nascar.com/news-media/2026/07/11/2026-cup-series-echopark-qualifying-recap-results-lineup/,43606989,10700,46.2,,Window World 450,TRUE,TRUE,1,4,1.2214027581601699,7.812896556193129,2.5240152706302252,41.30453719575938,0.2753965483936305,0.3924640991113907,0.24856651683657519,0.3608068188012988,1,1,1,1,1,matched
2026,21,cup_2026_r21,5618,Window World 450,north_wilkesboro_speedway,North Wilkesboro Speedway,short_track,cluster_6,2026-07-19,denny_hamlin,Denny Hamlin,11,joe_gibbs_racing,Joe Gibbs Racing,toyota,Toyota,8.48668412679721,1,1.211839391813091,,,,FALSE,,,,0.5012796268436519,6.215790015714664,2,0.1212213754218077,0.30570797621960366,2,2,36.78529756392264,2,conventional_speedway,short_steep_oval,short_steep_oval,short_steep_oval,,,,,,,0,0,0,0,0,0,FALSE,2026-07-18T17:16:24Z,pre_entry_list_inferred_roster,0.189,0.756,-0.2835,pre_race_timing_but_proxy_unverified,TRUE,2026-07-15,https://www.jayski.com/nascar-cup-series/2026-nascar-cup-series-race-results/,43606988,11000,57.7,,Window World 450,TRUE,TRUE,0.189,0.756,1.0385235074051617,8.20318412679721,5.932290015714664,37.54129756392264,0.1258912479755336,0.31748491970531656,0.11362651126898321,0.2918756751397758,2,3,3,2,3,matched
2026,21,cup_2026_r21,5618,Window World 450,north_wilkesboro_speedway,North Wilkesboro Speedway,short_track,cluster_6,2026-07-19,christopher_bell,Christopher Bell,20,joe_gibbs_racing,Joe Gibbs Racing,toyota,Toyota,12.299426224743904,7,1.2248482247446095,,,,FALSE,,,,0.4933560863769797,6.398868706901671,3,0.08898515743641044,0.282272467155196,3,3,36.35849338082065,3,conventional_speedway,short_steep_oval,short_steep_oval,short_steep_oval,,,,,,,1,1,0.5,0.95,1,1,TRUE,2026-07-18T17:16:24Z,pre_entry_list_inferred_roster,1,4,-1.5,verified_pre_race,TRUE,2026-07-16,https://www.nascar.com/news-media/2026/07/16/preview-round-4-2026-in-season-challenge-north-wilkesboro/,43606991,10200,36.4,,Window World 450,TRUE,TRUE,1,4,1.2214027581601699,10.799426224743904,4.898868706901671,40.35849338082065,0.10868671672814867,0.3447683699360323,0.09809810166867103,0.316958363991971,6,2,2,3,2,matched
2026,21,cup_2026_r21,5618,Window World 450,north_wilkesboro_speedway,North Wilkesboro Speedway,short_track,cluster_6,2026-07-19,kyle_larson,Kyle Larson,5,hendrick_motorsports,Hendrick Motorsports,chevrolet,Chevrolet,10.13540864077816,4,0.9225940247629201,,,,FALSE,,,,0.48396850382634715,6.622766596835919,4,0.04725242796389555,0.2409559841447757,8,4,35.91247491446498,4,conventional_speedway,short_steep_oval,short_steep_oval,short_steep_oval,,,,,,,0,0.25,0.5,0.44999999999999996,0.3375,1,TRUE,2026-07-18T17:16:24Z,pre_entry_list_inferred_roster,0.3375,1.35,-0.5062500000000001,verified_pre_race,TRUE,2026-07-11,https://www.nascar.com/news-media/2026/07/11/2026-cup-series-echopark-qualifying-recap-results-lineup/,43606990,10500,32.6,,Window World 450,TRUE,TRUE,0.3375,1.35,1.0698302595979021,9.62915864077816,6.116516596835918,37.26247491446498,0.05055207727524555,0.2577820030692734,0.045627128736562605,0.2369885670619081,4,4,4,7,4,matched
2026,21,cup_2026_r21,5618,Window World 450,north_wilkesboro_speedway,North Wilkesboro Speedway,short_track,cluster_6,2026-07-19,chase_elliott,Chase Elliott,9,hendrick_motorsports,Hendrick Motorsports,chevrolet,Chevrolet,12.57781998465374,8,0.9245420833681142,,,,FALSE,,,,0.4172375513699319,8.4569294249857,5,0.054866645495646287,0.1863845694702247,4,5,33.424542874594266,5,conventional_speedway,short_steep_oval,short_steep_oval,short_steep_oval,,,,,,,-0.5,1,0.5,0.9475,0.725,2,TRUE,2026-07-18T17:16:24Z,pre_entry_list_inferred_roster,0.725,2.9,-1.0875,verified_pre_race,TRUE,2026-07-16,https://www.nascar.com/news-media/2026/07/11/2026-cup-series-echopark-qualifying-recap-results-lineup/,43606993,9700,36.9,,Window World 450,TRUE,TRUE,0.725,2.9,1.1560395702680215,11.49031998465374,7.3694294249857,36.324542874594265,0.0634280132808348,0.21546793759494876,0.057248648986501914,0.1980876755181755,8,5,5,4,5,matched
2026,21,cup_2026_r21,5618,Window World 450,north_wilkesboro_speedway,North Wilkesboro Speedway,short_track,cluster_6,2026-07-19,chase_briscoe,Chase Briscoe,19,joe_gibbs_racing,Joe Gibbs Racing,toyota,Toyota,11.115366416029905,5,1.2451310148094212,,,,FALSE,,,,0.3827228915727226,9.59682907734453,6,0.04958953173284792,0.18313184382204514,6,6,31.216796899129243,8,conventional_speedway,short_steep_oval,short_steep_oval,short_steep_oval,,,,,,,0,0,0,0,0,0,FALSE,2026-07-18T17:16:24Z,pre_entry_list_inferred_roster,0.3251,1.3005,-0.4877,pre_race_timing_but_proxy_unverified,TRUE,2026-07-15,https://www.jayski.com/nascar-cup-series/2026-nascar-cup-series-race-results/,43606996,8900,32.6,,Window World 450,TRUE,TRUE,0.3251,1.3005,1.0671803677781135,10.627666416029905,9.10912907734453,32.51729689912924,0.052920974712605075,0.19543470844189417,0.04776524044559507,0.17967038410885466,5,6,6,5,6,matched
2026,21,cup_2026_r21,5618,Window World 450,north_wilkesboro_speedway,North Wilkesboro Speedway,short_track,cluster_6,2026-07-19,william_byron,William Byron,24,hendrick_motorsports,Hendrick Motorsports,chevrolet,Chevrolet,11.238441262402205,6,0.93175928197842,,,,FALSE,,,,0.3822407048490367,9.613797058133436,7,0.0443737349206843,0.135657662826681,9,9,31.84694538281268,6,conventional_speedway,short_steep_oval,short_steep_oval,short_steep_oval,,,,,,,0,0,0,0,0,0,FALSE,2026-07-18T17:16:24Z,pre_entry_list_inferred_roster,0.12,0.48,-0.18,pre_race_timing_but_proxy_unverified,TRUE,2026-07-15,https://www.jayski.com/nascar-cup-series/2026-nascar-cup-series-race-results/,43606992,9900,32.1,,Window World 450,TRUE,TRUE,0.12,0.48,1.0242903178906215,11.058441262402205,9.433797058133436,32.32694538281268,0.04545158704790189,0.13895283058103985,0.04102354493217268,0.12774449657661877,7,7,7,9,9,matched
2026,21,cup_2026_r21,5618,Window World 450,north_wilkesboro_speedway,North Wilkesboro Speedway,short_track,cluster_6,2026-07-19,ty_gibbs,Ty Gibbs,54,joe_gibbs_racing,Joe Gibbs Racing,toyota,Toyota,9.739791753970099,3,0.9900665720556294,,,,FALSE,,,,0.38031898485532234,9.681720275581503,8,0.05040885266635571,0.1805604325054917,5,7,31.500496687090354,7,conventional_speedway,short_steep_oval,short_steep_oval,short_steep_oval,,,,,,,0,0,0,0,0,0,FALSE,2026-07-18T17:16:24Z,pre_entry_list_inferred_roster,0.147,0.588,-0.2205,pre_race_timing_but_proxy_unverified,TRUE,2026-07-15,https://www.jayski.com/nascar-cup-series/2026-nascar-cup-series-race-results/,43606998,8500,33.2,,Window World 450,TRUE,TRUE,0.147,0.588,1.02983644667787,9.5192917539701,9.461220275581503,32.088496687090355,0.05191287371102804,0.18594771422207496,0.0468553519373945,0.17094863806331953,3,8,8,6,7,matched
2026,21,cup_2026_r21,5618,Window World 450,north_wilkesboro_speedway,North Wilkesboro Speedway,short_track,cluster_6,2026-07-19,carson_hocevar,Carson Hocevar,77,spire_motorsports,Spire Motorsports,chevrolet,Chevrolet,12.848243374438876,10,0.9961343427751577,,,,FALSE,,,,0.32867739208372737,11.698162270177573,9,0.016921056391369774,0.07674720607417351,15,13,27.73621221705308,12,conventional_speedway,short_steep_oval,short_steep_oval,short_steep_oval,,,,,,,0,0,0,0,0,0,FALSE,2026-07-18T17:16:24Z,pre_entry_list_inferred_roster,0.0405,0.162,-0.0607,pre_race_timing_but_proxy_unverified,TRUE,2026-07-15,https://www.jayski.com/nascar-cup-series/2026-nascar-cup-series-race-results/,43606997,8700,32.3,,Window World 450,TRUE,TRUE,0.0405,0.162,1.0081328937531524,12.787543374438876,11.637462270177572,27.89821221705308,0.017058673545191885,0.07737138294702606,0.015396761832032634,0.07113038520104298,10,11,13,15,15,matched
2026,21,cup_2026_r21,5618,Window World 450,north_wilkesboro_speedway,North Wilkesboro Speedway,short_track,cluster_6,2026-07-19,tyler_reddick,Tyler Reddick,45,23xi_racing,23XI Racing,toyota,Toyota,12.734180458351023,9,0.9900220652673757,,,,FALSE,,,,0.32790619368411794,11.73126020698346,10,0.04752483390650591,0.13779147555722435,7,8,30.230308123407358,9,conventional_speedway,short_steep_oval,short_steep_oval,short_steep_oval,,,,,,,0,0,0,0,0,0,FALSE,2026-07-18T17:16:24Z,pre_entry_list_inferred_roster,0.0945,0.378,-0.1417,pre_race_timing_but_proxy_unverified,TRUE,2026-07-15,https://www.jayski.com/nascar-cup-series/2026-nascar-cup-series-race-results/,43606995,9200,42.2,,Window World 450,TRUE,TRUE,0.0945,0.378,1.0190797355482846,12.592480458351023,11.58956020698346,30.608308123407358,0.04843159516941819,0.1404205004716641,0.043713230925808554,0.12909378000276034,9,10,9,8,8,matched
2026,21,cup_2026_r21,5618,Window World 450,north_wilkesboro_speedway,North Wilkesboro Speedway,short_track,cluster_6,2026-07-19,bubba_wallace,Bubba Wallace,23,23xi_racing,23XI Racing,toyota,Toyota,15.706334439069723,14,0.9741696437452352,,,,FALSE,,,,0.3220601360362055,11.985223116200185,11,0.023458605076171993,0.09320351676457929,11,10,28.256470384084125,11,conventional_speedway,short_steep_oval,short_steep_oval,short_steep_oval,,,,,,,0,0,0,0,0,0,FALSE,2026-07-18T17:16:24Z,pre_entry_list_inferred_roster,0.0405,0.162,-0.0607,pre_race_timing_but_proxy_unverified,TRUE,2026-07-15,https://www.jayski.com/nascar-cup-series/2026-nascar-cup-series-race-results/,43607001,7900,28.3,,Window World 450,TRUE,TRUE,0.0405,0.162,1.0081328937531524,15.645634439069722,11.924523116200184,28.418470384084124,0.023649391418853662,0.09396153106384578,0.02134539043636469,0.08638232436955572,15,13,12,11,11,matched
2026,21,cup_2026_r21,5618,Window World 450,north_wilkesboro_speedway,North Wilkesboro Speedway,short_track,cluster_6,2026-07-19,joey_logano,Joey Logano,22,team_penske,Team Penske,ford,Ford,15.426974656191184,13,1.0475545366857564,,,,FALSE,,,,0.32057298301503856,12.050700135385313,12,0.01849354745651949,0.08408883661632684,13,12,28.872248971494052,10,conventional_speedway,short_steep_oval,short_steep_oval,short_steep_oval,,,,,,,-0.25,0.5,0.5,0.475,0.30874999999999997,1,TRUE,2026-07-18T17:16:24Z,pre_entry_list_inferred_roster,0.30874999999999997,1.2349999999999999,-0.46312499999999995,verified_pre_race,TRUE,2026-07-11,https://www.nascar.com/news-media/2026/07/11/2026-cup-series-echopark-qualifying-recap-results-lineup/,43606994,9500,22.3,,Window World 450,TRUE,TRUE,0.30874999999999997,1.2349999999999999,1.0636963873879044,14.963849656191185,11.587575135385313,30.10724897149405,0.01967151961948655,0.08944499172843859,0.0177550559047283,0.08223010205600167,13,9,10,14,12,matched
2026,21,cup_2026_r21,5618,Window World 450,north_wilkesboro_speedway,North Wilkesboro Speedway,short_track,cluster_6,2026-07-19,alex_bowman,Alex Bowman,48,hendrick_motorsports,Hendrick Motorsports,chevrolet,Chevrolet,16.451518832949702,16,0.9977052529905355,,,,FALSE,,,,0.3127695082258912,12.400183510240657,13,0.015340137886354362,0.09240026636598107,16,11,25.304214981349013,15,conventional_speedway,short_steep_oval,short_steep_oval,short_steep_oval,,,,,,,0,0.25,0.5,0.44999999999999996,0.3375,1,TRUE,2026-07-18T17:16:24Z,pre_entry_list_inferred_roster,0.3375,1.35,-0.5062500000000001,verified_pre_race,TRUE,2026-07-11,https://www.nascar.com/news-media/2026/07/11/2026-cup-series-echopark-qualifying-recap-results-lineup/,43607007,7000,23.9,,Window World 450,TRUE,TRUE,0.3375,1.35,1.0698302595979021,15.945268832949703,11.893933510240657,26.654214981349014,0.0164113436972261,0.09885260095323284,0.014812496972898598,0.09087886652798557,16,12,16,16,10,matched
2026,21,cup_2026_r21,5618,Window World 450,north_wilkesboro_speedway,North Wilkesboro Speedway,short_track,cluster_6,2026-07-19,austin_cindric,Austin Cindric,2,team_penske,Team Penske,ford,Ford,15.124501148710536,12,1.0181838741157567,,,,FALSE,,,,0.30590423932291566,12.716019894314446,14,0.02038207359377042,0.0729268915305383,12,14,26.981471963876352,13,conventional_speedway,short_steep_oval,short_steep_oval,short_steep_oval,,,,,,,0,0.5,0.5,0.44999999999999996,0.49500000000000005,1,TRUE,2026-07-18T17:16:24Z,pre_entry_list_inferred_roster,0.49500000000000005,1.9800000000000002,-0.7425,verified_pre_race,TRUE,2026-07-11,https://www.nascar.com/news-media/2026/07/11/2026-cup-series-echopark-qualifying-recap-results-lineup/,43607005,7200,27.3,,Window World 450,TRUE,TRUE,0.49500000000000005,1.9800000000000002,1.104066299558882,14.382001148710536,11.973519894314446,28.961471963876352,0.022503160570010908,0.08051612327045339,0.020310829141935393,0.0740214617469513,12,14,11,12,13,matched
2026,21,cup_2026_r21,5618,Window World 450,north_wilkesboro_speedway,North Wilkesboro Speedway,short_track,cluster_6,2026-07-19,ross_chastain,Ross Chastain,1,trackhouse_racing,Trackhouse Racing,chevrolet,Chevrolet,17.061221688095216,17,1.1058670153472936,,,,FALSE,,,,0.2988211624588407,13.050310104633828,15,0.008269299068075482,0.04645839538843798,22,19,24.57159935097405,19,conventional_speedway,short_steep_oval,short_steep_oval,short_steep_oval,,,,,,,0,0.5,0.5,0.44999999999999996,0.49500000000000005,1,TRUE,2026-07-18T17:16:24Z,pre_entry_list_inferred_roster,0.49500000000000005,1.9800000000000002,-0.7425,verified_pre_race,TRUE,2026-07-11,https://www.nascar.com/news-media/2026/07/11/2026-cup-series-echopark-qualifying-recap-results-lineup/,43607000,8100,24.2,,Window World 450,TRUE,TRUE,0.49500000000000005,1.9800000000000002,1.104066299558882,16.318721688095216,12.307810104633829,26.55159935097405,0.009129854422035807,0.05129314867995615,0.008240394173955926,0.04715569613480572,18,15,18,22,18,matched
2026,21,cup_2026_r21,5618,Window World 450,north_wilkesboro_speedway,North Wilkesboro Speedway,short_track,cluster_6,2026-07-19,brad_keselowski,Brad Keselowski,6,rfk_racing,RFK Racing,ford,Ford,19.195761153919094,21,1.2759824296091113,,,,FALSE,,,,0.29534329048558594,13.217653132728417,16,0.018015051782706695,0.07261826189529758,14,15,25.393873429510904,14,conventional_speedway,short_steep_oval,short_steep_oval,short_steep_oval,,,,,,,0,0.5,0.5,0.44999999999999996,0.49500000000000005,1,TRUE,2026-07-18T17:16:24Z,pre_entry_list_inferred_roster,0.49500000000000005,1.9800000000000002,-0.7425,verified_pre_race,TRUE,2026-07-11,https://www.nascar.com/news-media/2026/07/11/2026-cup-series-echopark-qualifying-recap-results-lineup/,43607003,7600,29.1,,Window World 450,TRUE,TRUE,0.49500000000000005,1.9800000000000002,1.104066299558882,18.453261153919094,12.475153132728417,27.373873429510905,0.01988981155809462,0.08017537569113896,0.017952081129444467,0.07370819984507276,20,16,14,13,14,matched
2026,21,cup_2026_r21,5618,Window World 450,north_wilkesboro_speedway,North Wilkesboro Speedway,short_track,cluster_6,2026-07-19,chris_buescher,Chris Buescher,17,rfk_racing,RFK Racing,ford,Ford,14.20078499286806,11,1.2203936298940694,,,,FALSE,,,,0.29167593900681044,13.396438162910584,17,0.010371499138423966,0.047286593507253366,19,18,25.091713504077852,16,conventional_speedway,short_steep_oval,short_steep_oval,short_steep_oval,,,,,,,0,0,0,0,0,0,FALSE,2026-07-18T17:16:24Z,pre_entry_list_inferred_roster,0.0675,0.27,-0.1013,pre_race_timing_but_proxy_unverified,TRUE,2026-07-15,https://www.jayski.com/nascar-cup-series/2026-nascar-cup-series-race-results/,43606999,8300,30.3,,Window World 450,TRUE,TRUE,0.0675,0.27,1.0135915364502062,14.09948499286806,13.295138162910584,25.36171350407785,0.010512463747007136,0.047929290966513285,0.009488305181041882,0.044063176836262055,11,18,19,20,19,matched
2026,21,cup_2026_r21,5618,Window World 450,north_wilkesboro_speedway,North Wilkesboro Speedway,short_track,cluster_6,2026-07-19,ryan_preece,Ryan Preece,60,rfk_racing,RFK Racing,ford,Ford,18.90056162915974,20,1.1992287894342457,,,,FALSE,,,,0.28523777451001164,13.716170639166375,18,0.01022063114901534,0.057323853212688174,20,16,25.078515081709707,17,conventional_speedway,short_steep_oval,short_steep_oval,short_steep_oval,,,,,,,0,0,0,0,0,0,FALSE,2026-07-18T17:16:24Z,pre_entry_list_inferred_roster,0.066,0.264,-0.099,pre_race_timing_but_proxy_unverified,TRUE,2026-07-15,https://www.jayski.com/nascar-cup-series/2026-nascar-cup-series-race-results/,43607002,7700,28.7,,Window World 450,TRUE,TRUE,0.066,0.264,1.0132875045963292,18.80156162915974,13.617170639166375,25.342515081709706,0.010356437832385268,0.05808554417573107,0.009347479820811275,0.053400197520842664,21,19,20,21,17,matched
2026,21,cup_2026_r21,5618,Window World 450,north_wilkesboro_speedway,North Wilkesboro Speedway,short_track,cluster_6,2026-07-19,shane_van_gisbergen,Shane van Gisbergen,97,trackhouse_racing,Trackhouse Racing,chevrolet,Chevrolet,17.306482604867526,18,1.4291287501905476,,,,FALSE,,,,0.2722699522334022,14.383531290678008,19,0.028928141548367228,0.05537281278026776,10,17,23.193941263059394,20,conventional_speedway,short_steep_oval,short_steep_oval,short_steep_oval,,,,,,,0.5,0.5,0.5,0.9,0.9,1,TRUE,2026-07-18T17:16:24Z,pre_entry_list_inferred_roster,0.9,3.6,-1.35,verified_pre_race,TRUE,2026-07-16,https://www.nascar.com/news-media/2026/07/16/nascar-cup-drivers-gear-up-for-return-to-points-racing-at-north-wilkesboro/,43607008,6800,30,,Window World 450,TRUE,TRUE,0.9,3.6,1.1972173631218102,15.956482604867526,13.033531290678008,26.793941263059395,0.03463327334455069,0.06629329290542983,0.03125918669684778,0.06094588568795955,17,17,15,10,16,matched
2026,21,cup_2026_r21,5618,Window World 450,north_wilkesboro_speedway,North Wilkesboro Speedway,short_track,cluster_6,2026-07-19,daniel_suarez,Daniel Suarez,7,spire_motorsports,Spire Motorsports,chevrolet,Chevrolet,15.849162940400635,15,1.2798281212900195,,,,FALSE,,,,0.264865131503137,14.779068792344322,20,0.012875712676167982,0.02520189129521456,17,24,24.610317643686138,18,conventional_speedway,short_steep_oval,short_steep_oval,short_steep_oval,,,,,,,0,0.5,0.5,0.44999999999999996,0.49500000000000005,1,TRUE,2026-07-18T17:16:24Z,pre_entry_list_inferred_roster,0.49500000000000005,1.9800000000000002,-0.7425,verified_pre_race,TRUE,2026-07-11,https://www.nascar.com/news-media/2026/07/11/2026-cup-series-echopark-qualifying-recap-results-lineup/,43607004,7400,30.3,,Window World 450,TRUE,TRUE,0.49500000000000005,1.9800000000000002,1.104066299558882,15.106662940400636,14.036568792344323,26.590317643686138,0.014215640448560172,0.027824558864192737,0.012830706308813914,0.02558015011072253,14,20,17,17,24,matched
2026,21,cup_2026_r21,5618,Window World 450,north_wilkesboro_speedway,North Wilkesboro Speedway,short_track,cluster_6,2026-07-19,michael_mcdowell,Michael McDowell,71,spire_motorsports,Spire Motorsports,chevrolet,Chevrolet,17.563782921916875,19,1.2654400309179341,,,,FALSE,,,,0.24543822781600327,15.869254661855281,21,0.005319688203862234,0.023414110861978466,24,25,22.32471586239403,21,conventional_speedway,short_steep_oval,short_steep_oval,short_steep_oval,,,,,,,0,0,0,0,0,0,FALSE,2026-07-18T17:16:24Z,pre_entry_list_inferred_roster,0.0135,0.054,-0.0203,pre_race_timing_but_proxy_unverified,TRUE,2026-07-15,https://www.jayski.com/nascar-cup-series/2026-nascar-cup-series-race-results/,43607011,6400,26.3,,Window World 450,TRUE,TRUE,0.0135,0.054,1.0027036482827156,17.543482921916876,15.84895466185528,22.378715862394028,0.005334070769739189,0.023477414382601768,0.004814408167159604,0.02158365877604051,19,21,21,24,25,matched
2026,21,cup_2026_r21,5618,Window World 450,north_wilkesboro_speedway,North Wilkesboro Speedway,short_track,cluster_6,2026-07-19,austin_dillon,Austin Dillon,3,richard_childress_racing,Richard Childress Racing,chevrolet,Chevrolet,20.57968198781846,23,1.3156601329896962,,,,FALSE,,,,0.23463314333778962,16.51003967942955,22,0.010012622205221026,0.027615214680055726,21,23,19.917989591214504,22,conventional_speedway,short_steep_oval,short_steep_oval,short_steep_oval,,,,,,,0,0.25,0.5,0.44999999999999996,0.3375,1,TRUE,2026-07-18T17:16:24Z,pre_entry_list_inferred_roster,0.3375,1.35,-0.5062500000000001,verified_pre_race,TRUE,2026-07-11,https://www.nascar.com/news-media/2026/07/11/2026-cup-series-echopark-qualifying-recap-results-lineup/,43607012,6300,26,,Window World 450,TRUE,TRUE,0.3375,1.35,1.0698302595979021,20.07343198781846,16.00378967942955,21.267989591214505,0.01071180621306733,0.029543592290015814,0.009668227052740045,0.027160521368090166,23,22,22,19,23,matched
2026,21,cup_2026_r21,5618,Window World 450,north_wilkesboro_speedway,North Wilkesboro Speedway,short_track,cluster_6,2026-07-19,erik_jones,Erik Jones,43,legacy_motor_club,Legacy Motor Club,toyota,Toyota,20.91674809981931,24,1.459263523444942,,,,FALSE,,,,0.232520904798885,16.638295186084722,23,0.005270390725723159,0.0341141355136809,25,21,18.946549733973935,24,conventional_speedway,short_steep_oval,short_steep_oval,short_steep_oval,,,,,,,0,0,0,0,0,0,FALSE,2026-07-18T17:16:24Z,pre_entry_list_inferred_roster,0,0,-0,pre_race_timing_but_proxy_unverified,TRUE,2026-07-15,https://www.jayski.com/nascar-cup-series/2026-nascar-cup-series-race-results/,43607009,6600,33,,Window World 450,TRUE,TRUE,0,0,1,20.91674809981931,16.638295186084722,18.946549733973935,0.005270390725723159,0.0341141355136809,0.0047569320410955985,0.03136239146132482,24,23,24,25,21,matched
2026,21,cup_2026_r21,5618,Window World 450,north_wilkesboro_speedway,North Wilkesboro Speedway,short_track,cluster_6,2026-07-19,riley_herbst,Riley Herbst,35,23xi_racing,23XI Racing,toyota,Toyota,22.487591795977465,26,1.5412023504827534,,,,FALSE,,,,0.22118369942771604,17.343911596122243,24,0.00492718720841522,0.017661731398216706,26,27,18.25073438917341,25,conventional_speedway,short_steep_oval,short_steep_oval,short_steep_oval,,,,,,,0,0,0,0,0,0,FALSE,2026-07-18T17:16:24Z,pre_entry_list_inferred_roster,,,,,,,,43607015,5800,22.3,,Window World 450,FALSE,FALSE,0,0,1,22.487591795977465,17.343911596122243,18.25073438917341,0.00492718720841522,0.017661731398216706,0.004447164531804371,0.01623708546779695,26,24,25,26,27,matched
2026,21,cup_2026_r21,5618,Window World 450,north_wilkesboro_speedway,North Wilkesboro Speedway,short_track,cluster_6,2026-07-19,aj_allmendinger,A.J. Allmendinger,16,kaulig_racing,Kaulig Racing,chevrolet,Chevrolet,19.91563123606884,22,1.3722537418458973,,,,FALSE,,,,0.21627747428074257,17.658474087527658,25,0.0045226365623035345,0.017955228977063486,28,26,19.15357105160441,23,conventional_speedway,short_steep_oval,short_steep_oval,short_steep_oval,,,,,,,0,0,0,0,0,0,FALSE,2026-07-18T17:16:24Z,pre_entry_list_inferred_roster,0,0,-0,pre_race_timing_but_proxy_unverified,TRUE,2026-07-15,https://www.jayski.com/nascar-cup-series/2026-nascar-cup-series-race-results/,43607018,5500,27,,Window World 450,TRUE,TRUE,0,0,1,19.91563123606884,17.658474087527658,19.15357105160441,0.0045226365623035345,0.017955228977063486,0.004082026531439028,0.016506908689817405,22,25,23,28,26,matched
2026,21,cup_2026_r21,5618,Window World 450,north_wilkesboro_speedway,North Wilkesboro Speedway,short_track,cluster_6,2026-07-19,zane_smith,Zane Smith,38,front_row_motorsports,Front Row Motorsports,ford,Ford,21.028073842036115,25,1.3790690740201985,,,,FALSE,,,,0.21360278354350964,17.83235815485057,26,0.004810900650928345,0.0321490964357558,27,22,17.46258382397681,27,conventional_speedway,short_steep_oval,short_steep_oval,short_steep_oval,,,,,,,0,0,0,0,0,0,FALSE,2026-07-18T17:16:24Z,pre_entry_list_inferred_roster,-0.0135,-0.054,0.0203,pre_race_timing_but_proxy_unverified,TRUE,2026-07-15,https://www.jayski.com/nascar-cup-series/2026-nascar-cup-series-race-results/,43607010,6500,22.9,,Window World 450,TRUE,TRUE,-0.0135,-0.054,0.9973036417217132,21.048373842036114,17.85265815485057,17.408583823976812,0.004797928739132199,0.03206241095344181,0.004330498844929513,0.02947616489101564,25,26,27,27,22,matched
2026,21,cup_2026_r21,5618,Window World 450,north_wilkesboro_speedway,North Wilkesboro Speedway,short_track,cluster_6,2026-07-19,josh_berry,Josh Berry,21,wood_brothers_racing,Wood Brothers Racing,ford,Ford,25.575643613842367,32,1.3164822062109027,,,,FALSE,,,,0.205627915306752,18.361041354493544,27,0.010770390427070667,0.04403921609306391,18,20,15.74896716539061,30,conventional_speedway,short_steep_oval,short_steep_oval,short_steep_oval,,,,,,,0,0,0,0,0,0,FALSE,2026-07-18T17:16:24Z,pre_entry_list_inferred_roster,0.0135,0.054,-0.0203,pre_race_timing_but_proxy_unverified,TRUE,2026-07-15,https://www.jayski.com/nascar-cup-series/2026-nascar-cup-series-race-results/,43607006,7100,17,,Window World 450,TRUE,TRUE,0.0135,0.054,1.0027036482827156,25.555343613842368,18.340741354493545,15.80296716539061,0.010799509774652993,0.04415828264402606,0.00974738624679919,0.040596348865014516,32,27,29,18,20,matched
2026,21,cup_2026_r21,5618,Window World 450,north_wilkesboro_speedway,North Wilkesboro Speedway,short_track,cluster_6,2026-07-19,john_hunter_nemechek,John Hunter Nemechek,42,legacy_motor_club,Legacy Motor Club,toyota,Toyota,23.434985235250807,27,1.471267463788799,,,,FALSE,,,,0.20377502170389034,18.4861035835124,28,0.003915515924052588,0.014012639507279849,30,28,17.525873509469378,26,conventional_speedway,short_steep_oval,short_steep_oval,short_steep_oval,,,,,,,0,0,0,0,0,0,FALSE,2026-07-18T17:16:24Z,pre_entry_list_inferred_roster,-0.0135,-0.054,0.0203,pre_race_timing_but_proxy_unverified,TRUE,2026-07-15,https://www.jayski.com/nascar-cup-series/2026-nascar-cup-series-race-results/,43607019,5400,24.5,,Window World 450,TRUE,TRUE,-0.0135,-0.054,0.9973036417217132,23.455285235250805,18.506403583512398,17.47187350946938,0.003904958290277005,0.013974856410743745,0.0035245244948346366,0.012847604395362245,27,28,26,30,28,matched
2026,21,cup_2026_r21,5618,Window World 450,north_wilkesboro_speedway,North Wilkesboro Speedway,short_track,cluster_6,2026-07-19,ricky_stenhouse_jr,Ricky Stenhouse Jr.,47,hyak_motorsports,Hyak Motorsports,chevrolet,Chevrolet,24.573647544776875,30,1.5316036125276602,,,,FALSE,,,,0.19270908900965755,19.25094246533057,29,0.005688183483602407,0.013805469377289601,23,29,16.19104438256568,29,conventional_speedway,short_steep_oval,short_steep_oval,short_steep_oval,,,,,,,0,0,0,0,0,0,FALSE,2026-07-18T17:16:24Z,pre_entry_list_inferred_roster,-0.0135,-0.054,0.0203,pre_race_timing_but_proxy_unverified,TRUE,2026-07-15,https://www.jayski.com/nascar-cup-series/2026-nascar-cup-series-race-results/,43607020,5200,24.7,,Window World 450,TRUE,TRUE,-0.0135,-0.054,0.9973036417217132,24.593947544776874,19.27124246533057,16.13704438256568,0.005672846102977981,0.013768244885648512,0.005120178900542056,0.012657658748700338,29,29,28,23,29,matched
2026,21,cup_2026_r21,5618,Window World 450,north_wilkesboro_speedway,North Wilkesboro Speedway,short_track,cluster_6,2026-07-19,todd_gilliland,Todd Gilliland,34,front_row_motorsports,Front Row Motorsports,ford,Ford,23.731033600804317,28,1.548670025691799,,,,FALSE,,,,0.18962391391000583,19.469764970401,30,0.00372461221273996,0.013680189296028128,31,30,16.720990319933744,28,conventional_speedway,short_steep_oval,short_steep_oval,short_steep_oval,,,,,,,-0.5,-0.5,0,0.85,-0.68,1,TRUE,2026-07-18T17:16:24Z,pre_entry_list_inferred_roster,-0.68,-2.72,1.02,verified_pre_race,TRUE,2026-07-16,https://www.nascar.com/news-media/2026/07/16/preview-round-4-2026-in-season-challenge-north-wilkesboro/,43607017,5600,25.7,,Window World 450,TRUE,TRUE,-0.68,-2.72,0.8728426324887193,24.751033600804316,20.489764970400998,14.000990319933743,0.0032510003287675804,0.011940652438089191,0.0029342772546346414,0.010977485151772172,31,32,32,36,30,matched
2026,21,cup_2026_r21,5618,Window World 450,north_wilkesboro_speedway,North Wilkesboro Speedway,short_track,cluster_6,2026-07-19,connor_zilisch,Connor Zilisch,88,trackhouse_racing,Trackhouse Racing,chevrolet,Chevrolet,24.722483585812732,31,1.6274158199880635,,,,FALSE,,,,0.1819455822160526,20.025226213405144,31,0.0033170923914865916,0.009958078089563305,36,31,15.203065412546446,31,conventional_speedway,short_steep_oval,short_steep_oval,short_steep_oval,,,,,,,0,0,0,0,0,0,FALSE,2026-07-18T17:16:24Z,pre_entry_list_inferred_roster,,,,,,,,43607014,6000,16,,Window World 450,FALSE,FALSE,0,0,1,24.722483585812732,20.025226213405144,15.203065412546446,0.0033170923914865916,0.009958078089563305,0.002993930412658713,0.009154830938690493,30,30,30,35,31,matched
2026,21,cup_2026_r21,5618,Window World 450,north_wilkesboro_speedway,North Wilkesboro Speedway,short_track,cluster_6,2026-07-19,cole_custer,Cole Custer,41,haas_factory_team,Haas Factory Team,chevrolet,Chevrolet,24.28573095203656,29,1.512293239459804,,,,FALSE,,,,0.17759176775642638,20.347198918027367,32,0.004321485224161969,0.008277293335288871,29,34,15.152817956042522,32,conventional_speedway,short_steep_oval,short_steep_oval,short_steep_oval,,,,,,,0,0,0,0,0,0,FALSE,2026-07-18T17:16:24Z,pre_entry_list_inferred_roster,-0.0135,-0.054,0.0203,pre_race_timing_but_proxy_unverified,TRUE,2026-07-15,https://www.jayski.com/nascar-cup-series/2026-nascar-cup-series-race-results/,43607021,5100,17.6,,Window World 450,TRUE,TRUE,-0.0135,-0.054,0.9973036417217132,24.306030952036558,20.367498918027366,15.098817956042522,0.004309832951703306,0.008254974786882457,0.0038899549438839785,0.007589104835025007,28,31,31,29,34,matched
2026,21,cup_2026_r21,5618,Window World 450,north_wilkesboro_speedway,North Wilkesboro Speedway,short_track,cluster_6,2026-07-19,noah_gragson,Noah Gragson,4,front_row_motorsports,Front Row Motorsports,ford,Ford,27.816173786952064,34,1.8105000337217367,,,,FALSE,,,,0.162102436260763,21.535212323106496,33,0.003255925432953346,0.008904777745002427,37,33,13.784305483114245,33,conventional_speedway,short_steep_oval,short_steep_oval,short_steep_oval,,,,,,,0,0,0,0,0,0,FALSE,2026-07-18T17:16:24Z,pre_entry_list_inferred_roster,-0.0135,-0.054,0.0203,pre_race_timing_but_proxy_unverified,TRUE,2026-07-15,https://www.jayski.com/nascar-cup-series/2026-nascar-cup-series-race-results/,43607016,5700,23.1,,Window World 450,TRUE,TRUE,-0.0135,-0.054,0.9973036417217132,27.836473786952062,21.555512323106495,13.730305483114245,0.0032471462914587176,0.008880767273813385,0.002930798690232836,0.008164419104407942,34,33,33,37,33,matched
2026,21,cup_2026_r21,5618,Window World 450,north_wilkesboro_speedway,North Wilkesboro Speedway,short_track,cluster_6,2026-07-19,ty_dillon,Ty Dillon,10,kaulig_racing,Kaulig Racing,chevrolet,Chevrolet,28.014301525469488,35,1.7971840759370838,,,,FALSE,,,,0.15787329149368817,21.871471370724166,34,0.0036844203220092594,0.009598513098180194,32,32,13.035561560645881,34,conventional_speedway,short_steep_oval,short_steep_oval,short_steep_oval,,,,,,,0,0,0,0,0,0,FALSE,2026-07-18T17:16:24Z,pre_entry_list_inferred_roster,,,,,,,,43607022,5000,23.4,,Window World 450,FALSE,FALSE,0,0,1,28.014301525469488,21.871471370724166,13.035561560645881,0.0036844203220092594,0.009598513098180194,0.00332547205600677,0.008824269491192499,35,34,34,31,32,matched
2026,21,cup_2026_r21,5618,Window World 450,north_wilkesboro_speedway,North Wilkesboro Speedway,short_track,cluster_6,2026-07-19,austin_hill,Austin Hill,33,richard_childress_racing,Richard Childress Racing,chevrolet,Chevrolet,27.140047541683355,33,1.7897492905710255,,,,FALSE,,,,0.15615366733951574,22.009695472269208,35,0.00363642046617511,0.0079975133672347,33,35,3.3122763991355897,38,conventional_speedway,short_steep_oval,short_steep_oval,short_steep_oval,,,,,,,0,0,0,0,0,0,FALSE,2026-07-18T17:16:24Z,pre_entry_list_inferred_roster,,,,,,,,43607013,6100,8.8,,Window World 450,FALSE,FALSE,0,0,1,27.140047541683355,22.009695472269208,3.3122763991355897,0.00363642046617511,0.0079975133672347,0.0032821485029595515,0.007352410992206004,33,35,38,32,35,matched
2026,21,cup_2026_r21,5618,Window World 450,north_wilkesboro_speedway,North Wilkesboro Speedway,short_track,cluster_6,2026-07-19,cody_ware,Cody Ware,51,rick_ware_racing,Rick Ware Racing,chevrolet,Chevrolet,34.366653098222194,36,3.273415686712078,,,,FALSE,,,,0.1086466603447634,26.19393533765746,36,0.0033479386563962676,0.006611472301450701,35,37,7.51268061114862,35,conventional_speedway,short_steep_oval,short_steep_oval,short_steep_oval,,,,,,,0,0,0,0,0,0,FALSE,2026-07-18T17:16:24Z,pre_entry_list_inferred_roster,,,,,,,,43607023,4800,18,,Window World 450,FALSE,FALSE,0,0,1,34.366653098222194,26.19393533765746,7.51268061114862,0.0033479386563962676,0.006611472301450701,0.0030217715336558334,0.006078171975679939,36,36,35,34,37,matched
2026,21,cup_2026_r21,5618,Window World 450,north_wilkesboro_speedway,North Wilkesboro Speedway,short_track,cluster_6,2026-07-19,chad_finchum,Chad Finchum,66,garage_66,Garage 66,ford,Ford,36.0453236750541,38,4.588937213048748,,,,FALSE,,,,0.10822651530106117,26.234284802715322,37,0.0031523143338991976,0.006765033886299128,38,36,3.7465490934658394,37,conventional_speedway,short_steep_oval,short_steep_oval,short_steep_oval,,,,,,,0,0,0,0,0,0,FALSE,2026-07-18T17:16:24Z,pre_entry_list_inferred_roster,,,,,,,,43607024,4500,16.3,,Window World 450,FALSE,FALSE,0,0,1,36.0453236750541,26.234284802715322,3.7465490934658394,0.0031523143338991976,0.006765033886299128,0.0028452055718264577,0.006219346842488638,38,37,37,38,36,matched
2026,21,cup_2026_r21,5618,Window World 450,north_wilkesboro_speedway,North Wilkesboro Speedway,short_track,cluster_6,2026-07-19,bj_mcleod,B.J. McLeod,78,live_fast_motorsports,Live Fast Motorsports,chevrolet,Chevrolet,35.74463842123851,37,3.6557896753404653,,,,FALSE,,,,0.10571858547828958,26.47643497331926,38,0.0033483367965086042,0.006026921483026728,34,38,4.566895283632238,36,conventional_speedway,short_steep_oval,short_steep_oval,short_steep_oval,,,,,,,0,0,0,0,0,0,FALSE,2026-07-18T17:16:24Z,pre_entry_list_inferred_roster,,,,,,,,,,,,,FALSE,FALSE,0,0,1,35.74463842123851,26.47643497331926,4.566895283632238,0.0033483367965086042,0.006026921483026728,0.0030221308856575695,0.005540772703489725,37,38,36,33,38,forecast_only
